ASD,BEVR,MF
1.8575522183170454,0.9084294259110807,11.081471045573402
1.9145870756845842,0.9128254892447035,5.4242399854229975
1.8414384563498283,0.8684887153604417,10.081093906021179
1.822202795019873,0.8663255332605073,13.343031490325007
1.905341814378825,0.7481832543443918,3.549389562778972
1.9607999472879283,0.716255661801711,5.521927100536775
1.8060544818854307,0.710546123609601,9.140650111678191
1.8442591680520743,0.8771874507330916,7.1841069544867295
1.8271418394908885,0.9208327001975383,8.407963531065834
1.924602728027581,0.8760495232673972,5.656060843235899
1.834947125594885,0.8975710951681217,10.615857850694121
1.8415964643133875,0.6733515648738985,5.928817683812685
1.8834859123394834,0.8644143855375344,8.904168658944537
1.8692391018396313,0.6670725931939653,8.999496658342666
1.9478442429102862,0.8201650276930031,5.314779038294804
1.7810206403865525,0.41836251774727873,2.8036507759648117
1.837512127656262,0.8679901198426494,12.440969385050353
1.918746513928042,0.8615242707252393,5.577156481419331
1.9657984527675947,0.6627767564543201,5.625924006156887
2.0105947619322952,0.7519308810053672,3.5839516970838337
1.9414246345323354,0.8224403927068725,3.727471678471845
1.930433759320183,0.8023974527064993,8.24222570409582
1.8183653526882066,1.098039215686275,1.3991850973987292
1.928658111181252,0.7640138408304499,8.384147437503493
1.9168294758115847,0.7939317319848295,1.7029966170541753
1.8260023709376134,0.8865018560935156,12.466607359976912
1.8608239485704923,0.7069453408131858,11.861687835570324
1.8549450645061636,0.8691578835302886,9.214640301734464
1.8092128794452684,0.8104345042810276,13.310301773482475
1.9598717593826027,0.6697121310999928,5.904160000472615
1.8528302690604295,0.8541745988577645,12.233639823419814
1.9431806845658814,0.7143156570949486,7.199580867843618
1.8690357636672896,0.6623640051631937,8.458317941697938
1.8599339770042156,0.7962952630697986,12.443890315513608
1.834076066349929,0.7906127770534551,11.823575623810603
1.8473618545754527,0.7359265780908167,12.981079008519824
1.838086220078403,0.795933188090051,9.0795954959876
1.8386324988337361,0.9619757548377381,10.852791753994351
1.810192691244762,0.9403958863209109,8.765284820762602
1.7995520709403858,0.6393620877129395,2.9271480685535494
1.8256087750220917,0.9420472207830657,11.039271159490086
1.8304234180352055,0.9567287954676081,10.098982412031628
1.859537108508273,0.9316817775507598,7.362807275347384
1.8682918068844387,0.9515418502202643,5.654026395324901
1.8249403343340111,0.9380351717153118,9.478170464622739
1.841530334367455,0.9728438321255078,10.329365322893768
1.8353944528184616,0.9727230698104484,9.68656319810849
1.8563914136743367,0.9314965087752409,6.440729989415569
1.6763794054595744,0.6250429827577737,20.3526790717035
1.483515276496589,0.390726138637166,11.350992923696891
1.5061412955835205,0.4786294280360489,9.499980117847999
1.699613082958341,0.7511797684830396,21.788237427167214
1.7682038929282722,0.8096164854035489,10.658551507523594
1.7344568541112007,0.7756508740605407,20.19308222393434
1.6799449558552824,0.531707084663395,18.79559119001021
1.7185257382682075,0.6889375151957209,18.95413016166435
1.5402874776611282,0.36032837807854473,8.861892292842954
1.6145279740636522,0.4094028325302966,9.43731820530505
1.8766120980563779,0.7397029980386663,4.066975233751027
1.8760506779741384,0.6570259208731241,5.612780080546166
1.727195861998308,0.7931657052270022,21.159894994992264
1.6811747117124365,0.6789635866498849,21.104824989255665
1.919112627884157,0.9549738219895291,1.5805485442785847
1.7829051544349452,0.7668845315904144,8.534047050648093
1.9120485636217126,0.6453276047261006,5.222710672440061
1.8394873456754592,0.6256469235192647,4.520284911200774
1.8336906140427474,0.6960054163845635,1.8328035204796713
1.9179851086222983,0.6474745733494223,5.49036469910571
1.7794441611411485,0.5689129698611578,6.352271556154817
1.8518834850040693,0.6911649726348712,7.1560344653855505
1.8772370243430245,0.7787610619469029,3.270439971549712
1.9304533629888778,0.8026990203075325,6.923423825419391
1.8404107506192213,0.8708831244535121,5.888713958249679
1.8327834463897195,0.6910594972955776,12.33501963877813
1.934488700381699,0.8560435186413692,4.323443758705925
1.7751932368656205,0.6586952894722208,14.235959189941456
1.9496502555018937,0.9177565171596593,4.932591106069733
1.867455921846277,0.8855770822983935,5.860318157250978
1.9228313566197683,0.8140020195220463,6.768602961981511
1.9340087543347069,0.8555290915277305,6.013555966185034
1.8378448307848119,0.5125067482454561,5.295333605769994
1.9619441174182959,0.8435374149659864,4.327181621208485
1.8573176520493007,0.8055712018024477,12.31891520676046
1.7877424899519898,0.8739561079821323,8.268976897590683
1.811126313156259,0.9101902374281081,8.920672992778611
1.7806112709720856,0.9273534890385443,8.089668202004646
1.7931241698786502,0.8348070175438598,8.244469481528743
1.8474341512574304,0.886319845857418,4.392560680254347
1.6740004151098884,0.7055685228409468,6.749605419758717
1.841556718208316,0.887981438515081,8.179756816472871
1.8467504228541043,0.9274395329441203,7.745201203978384
1.8284779107670839,0.8793998845931913,6.769170240266646
1.7662176131780638,0.7855100095328876,2.4172172375937397
1.8633707905553158,0.6926325668700141,5.278260598772353
1.861784153535465,0.8691712289975457,6.039601847663659
1.8636947521377012,0.888841155622382,7.440327177913887
1.8482020167339208,0.9497640272679605,7.846689893184772
1.8541968746639832,0.9955227811430076,5.485594951308324
1.828266763951666,0.8946559672187128,7.586060173067853
1.8881188367333828,0.6403543050670835,6.864634830684615
1.8661559971081116,0.8153717627401835,3.088720507568459
1.8435664397358693,0.7161829808165276,3.0639780049532845
1.865625333307785,0.86084931810622,8.014087024688951
1.873110747292647,0.6924556529172897,6.206350788977402
1.855095922890433,0.8281267495241292,8.719213725874518
1.647699903767146,0.6376448481052301,7.31364358912863
1.84478220121477,0.9235577903105251,10.347323016028907
1.8185629851530345,0.8935064935064939,2.170241549990968
1.8327392328607028,0.8837316529624222,10.257868926926777
1.8410977799249433,0.9218239584731731,15.379798694771361
1.6961972860558507,0.6352986364509312,5.803026471239632
1.8595510939943058,0.9478501382951973,11.601398073241679
1.8047771809151683,0.730468435056035,11.449589336373553
1.8432597081174755,0.9530843271384466,10.767046139967315
1.8056822328303037,0.5637832825539805,6.5678991720948945
1.5588106999130757,0.5370037056643726,12.927565389448619
1.8385882057269503,0.8773270151346648,15.230218173873126
1.8587910229921187,0.9394299852500358,12.298085596840174
1.6181848685153808,0.37387491345488116,5.503667064566885
1.874105143219932,0.5351570848471896,4.328730594251812
1.7795987023396238,0.6068736601894752,12.839686524425288
1.9594852542359809,0.9688249400479617,1.144591357334028
1.798286538945377,0.7308324849244263,12.524961228738796
1.8272174579049127,0.8207959512307339,10.425869816748058
1.842679504568694,0.6904174015285126,9.117151382936314
1.7151962245098276,0.7425458147597821,10.422805511285704
1.937468198972658,0.8846256328270714,3.00791467427552
1.7120333981834885,0.7969144833089508,8.625313077795644
1.52754645534434,0.3159128193109914,9.569446105408906
1.8111202646973392,0.8062205852261101,6.3003971027272065
2.161716891779532,0.6066401062417003,2.3503066374612027
1.9598694137021697,0.7303897784247128,4.125040889637135
1.907729626533397,0.7252283907238231,2.725241806812355
1.972449092252466,0.6437613019891504,5.248645393185652
1.8592413190687107,0.6482213438735186,0.8631498971555216
1.8165856585587759,0.7978712516630848,7.316451251507596
1.9235259564685958,0.845835339431873,5.725570311514559
1.9050265312605488,0.643765683135762,8.225953720534486
1.8994314802974763,0.884971751412429,3.8764616576440383
1.7418314740571843,0.8177929854576561,4.861592597838573
2.0086960991794136,0.7024576473395374,2.358534293114773
1.773603777625015,0.8781747739991396,6.411490094615704
1.7467257055714533,0.9358582773365912,5.565611376532324
1.794917944849056,0.9305315203955502,6.432265215040676
1.9208504540169886,0.8702555197221536,3.1641035374223105
1.8353324012302166,0.9280783789801827,5.5428054422266095
1.9438596353435227,0.7338329170136001,3.949284697273085
1.9082384226743088,0.6968700265251989,9.235354382000846
1.8333880122202777,0.7454957642286126,11.58283628806324
1.774446145132814,0.9343469246717343,4.124094050434728
1.8157421967572758,0.7648438464387115,11.400977840263115
1.9083285830265728,0.974982130092924,2.3605103839413717
1.8695443235304596,0.8629891109249731,7.666247878533398
1.886614096189391,0.8446215139442225,3.8538078283155475
1.933216758598025,0.8962745736939287,5.493474265796069
1.8549418210816122,0.9800918836140883,2.1134490339123446
1.8745568402686954,0.9084908490849085,4.729842371317046
1.913576694821082,0.8545427420557956,5.0605708447092175
1.8712649693281511,0.7186594431145269,8.718655790397992
1.8532745005713218,0.7894563426688632,6.675002961630318
1.7944383796630679,0.9253620497586337,5.012706988206982
1.8556040720452303,0.74845341201104,6.461440999411067
1.9234931030490412,0.8988564449872318,5.561129745398262
1.9032061735327976,0.7187923709662841,6.659035581117973
1.888346504929495,0.729759629890375,7.651384479845191
1.663299629759617,0.8410386320455986,5.81629239116389
1.8882938306029866,0.7259786476868328,6.257183831162467
1.842523754661786,0.7477077787636797,8.285672211067732
1.760843822523117,0.534634878918716,12.119101347901942
1.9107939882630283,0.6300562550227699,7.727610138619292
1.8990056930743398,0.8210160791122517,7.761456299018296
1.7463931154429213,0.8227374719521319,8.33124251700422
1.9306570034229933,0.6541757443718229,4.889911249841449
1.8597122868742526,0.7445804027362944,7.865060315737225
1.794297320249515,0.8117464486092874,8.303334349322881
1.8196416513856937,0.6151231945624469,4.953802228540173
1.7992289424371473,0.8468716536637604,8.114302745838387
1.8584724001466055,0.9434596006717673,6.624618462291021
1.8066988958206478,0.8174415550302073,6.51832035574997
1.9059173171064836,0.9463042013030779,4.783054255292638
1.8869800254214448,0.6587274583191561,3.8577196669986704
1.88437294116518,0.8875562218890549,3.130746587843682
1.8321776196985826,0.9343529072283941,8.313970301720015
1.8366198850278481,0.9290282327250039,7.249437036560477
1.8419014592281295,0.9147955390334574,7.831025672312712
1.8791214914926417,0.8902143522833177,5.269044615563479
1.878297966196887,0.6544821583986075,2.8918999840914967
1.914044610822762,0.888773117999479,4.011362064888068
1.808659008727385,0.8523902292821817,8.484735869472669
1.9155351115544836,0.9233704292527827,3.52717666743144
1.959577128225183,0.5907808090310447,3.3666303767166754
1.8878355425529707,0.8816705336426911,5.183181962215848
1.8832495152340472,0.8875584658559403,5.457111787640723
1.8588025221236109,0.9225177597885345,7.074573038730395
1.8658012869848957,0.7727975270479118,0.938548162503369
1.8161066121238871,0.7610720395362097,7.493281027484006
1.8677829231207137,0.9163608267336292,6.048664144769956
1.8980336286497175,0.7152647975077878,3.269431813143862
1.8701997722560684,0.7234539089848308,2.0388169522485007
1.8065521141750709,0.844069621388839,7.627916218425452
1.7684634500075913,0.8928265218633893,7.834421246696171
1.754363645267977,0.9063933099541407,7.561592569203229
1.7389159974103139,0.9236569274269556,7.921242648272315
1.8976324731168674,0.736413425080747,6.087716212928462
1.8638795461755833,0.6606157679302365,6.7309879485191395
1.858153270639438,0.8465426052889324,12.61362511154075
1.8481859062823542,0.7943511389476202,13.459508034904298
1.8627239808150988,0.8428252245679632,12.607179092779138
1.848860340081727,0.651881451881452,12.083410235256332
1.9044691704958778,0.8240105358009289,7.680337229860172
1.5970563322420905,0.24880066170388754,8.537142452453542
1.819442608260462,0.5151247859700098,11.341161139149518
1.8127417979859088,0.5718520714444526,13.599799872738798
1.7623370724910152,0.6548651538552928,7.858942680717646
1.8847336111152657,0.7454351253751078,11.535900635133158
1.8548982299366377,0.8624317485683846,13.190366753689759
1.8532528461442612,0.8328844540597818,13.148307597635759
1.7439802219813383,0.6588370094528792,7.028599014938426
1.932649209104546,0.4228301249577847,5.288555437732158
1.8944885942934009,0.9260005758710049,6.8649642543542
1.858684468999555,0.8778507462686567,6.908668793537787
1.8257633756980705,0.8743000579262404,7.163041882493968
1.9214722041562073,0.8348909657320872,1.3610210664826996
1.881163329377903,0.8988683952597346,7.3315234108679626
1.787268925486277,0.8714333669016447,7.270822887247602
1.8712513163528606,0.7916242547622507,6.652022459917694
1.8900322746708373,0.8827826845491222,7.031744344157169
1.8756812677870132,0.839739798935541,6.894484010731825
1.904449666408791,0.9321981741717099,6.184329509774415
1.8952297373053872,0.9142239048134129,6.220581897053198
1.7205850875462312,0.7976811594202896,5.349094224866579
1.813443906283882,0.8357018199950137,6.3427932776760105
1.8682478623766732,0.8684575814485181,10.907602307201628
1.8834764960289008,0.9263157894736841,6.941207527163756
1.8808238275346423,0.8142939862685086,10.83585114072641
1.8886912541124363,0.8640510140820122,8.11161967480124
1.8563941628692395,0.9343134930045057,5.4941150969079855
1.852010204145122,0.953609170696758,6.772670422421737
1.836337620872986,0.9179696896800578,6.240922771331377
1.847665667332793,0.9202871174915002,4.427040609671451
1.8269978938392364,0.8200654307524536,4.652911235659763
1.839429263006472,0.6492073224139442,11.03139632015363
1.8439391293247598,0.8417765188655264,17.126481299371736
1.900597964738495,0.8149827832367514,6.633503695723926
1.801857911230956,0.7719298245614042,6.932775136164248
1.9351553988461614,0.8545533016832102,2.460269056782958
1.7890772021944097,0.7745311045093779,13.38293113379206
1.83105293377412,0.8131006487874266,17.601643724391717
1.8322793328692295,0.8426755209926166,17.084791249728912
1.950309237258012,0.6907845764478188,5.343940014141836
1.823210894280374,0.8083618670030635,17.49969679900909
1.8389803766154593,0.8874966573709744,16.164141337557393
1.8312263625853225,0.8672009739271583,17.397306723672187
1.9257377663775643,0.7679546833906534,4.81318893931604
1.794048637248373,0.6168346642230659,6.543910926779955
1.834437345254271,0.614340263046245,2.329775125812685
1.874016834449972,0.7305721246744521,7.498711274423374
1.648918412742826,0.7655613728912155,4.39295969987874
1.8985393073870598,0.6223641098882636,9.17151124253143
1.792040382876773,0.619992834109638,9.238238703356423
1.797002114599548,0.6744168826360606,10.234375084833227
1.7262555113522466,0.5340778452947942,5.8332086972364205
1.8130875151844799,0.700114738708668,8.236297477483037
1.75875272542856,0.47571189279731985,6.880395324724032
1.7903535093726546,0.9430036630036631,8.885286501156177
1.8143749816008425,0.814621409921671,5.354096598868594
1.8024362611402367,0.9236936292054402,8.813462666377147
1.7077074628569506,0.8869738150480609,7.649676932996641
1.7682162199411282,0.902290327895864,8.656913452554692
1.8092340462633627,0.9462588560566786,7.944118202438928
1.8161215638114803,0.8384279475982531,2.3158649540094256
1.8962759302043275,0.9764453961456098,1.3980922418494128
1.8851447795421898,0.770354814717592,10.413171131107156
1.9323762381323923,0.7124168803511669,8.578308657128172
1.9063203908761965,0.8399751486642406,6.517567474250767
1.983051257674648,0.7275864773707741,6.524753326010873
1.703505217970217,0.5428338319282023,1.4540615631211773
1.9123823842839796,0.8629194747446677,7.316234521386354
1.91735241597605,0.7477186233989443,10.66490451085293
1.853974254315191,0.4638773715290866,3.116892175455606
1.7154610661470595,0.7898089171974523,3.0859859525785303
1.9029733139346419,0.7737095155069478,9.958811411678148
1.6609976747116537,0.6198177006762717,7.1955656240443115
1.9727269184838767,0.6129712771136473,7.767480272829546
2.183477918200252,0.5548270985987919,3.5920163913151963
1.8778430234654053,0.7277664630006787,5.761699669373191
1.7801955613068212,0.8396102185936263,4.630531650918482
1.8605118511606122,0.9450074006603664,7.688522083534884
1.833993662041401,0.6920197044334974,9.242763150194833
1.851169561997323,0.943015112421673,9.47606444396631
1.8548371493621663,0.9538751176655159,10.325150010613527
1.8729119922614454,0.9445703232937274,10.354629971922101
1.8739406555346343,0.9483509645301804,10.217036792882665
1.843331217019719,0.8329994806736409,11.262458012920256
1.8586292660072297,0.9012250695389712,10.853455985358872
1.859040787525403,0.9572202058666032,11.051732695045589
1.6867928767690046,0.539877300613497,6.175840354595822
1.942285627150448,0.7458724506312723,2.609842291553874
1.7322588862526036,0.7857332038492099,10.008771796467867
1.8627228179893915,0.9301143583227446,5.135769958818598
1.8477693113573181,0.8052956527273886,10.124765360675704
1.8963864698554784,0.901528530540162,9.790593821188432
1.9261082276746635,0.8540987171124157,7.456882685728752
1.8588830521268465,0.8680707666385848,7.214864739658198
1.8260456437565897,0.9014844804318489,9.475169115020025
1.9710518538355253,0.8412495645105096,4.810154560682717
1.9131712060422206,0.8579930357708134,9.626500312900266
1.8640683935516482,0.8444062947067239,10.375987641623535
1.9449078533657373,0.8119914346895075,6.638115269542412
1.707702778349885,0.77154582763338,3.2221735707327035
1.99105695024545,0.7551991300801957,4.415681727145982
1.630861929123333,0.6291546715519497,7.660471516904857
1.902610332240658,0.9414515693857363,6.45813024977829
1.882631498534756,0.879125755810728,8.813020808422369
1.8610236622326406,0.5423317841988279,8.898223277023062
1.769028329323188,0.75885447106955,9.475085019524165
1.845138779081218,0.8995013200352009,10.14959111585904
1.7873428709125265,0.601206801974767,5.536480110459928
1.840049336397423,0.91642756852451,10.589061922066653
1.9392292767376555,0.7180573417051214,7.329933046786334
1.8622301297602986,0.8761318981718776,6.432201322634731
1.742246741665265,0.8355729293916438,7.370682957874638
1.8452472946277525,0.628513376227565,6.51172153801164
1.8358685964680515,0.8350864681761456,6.752873991793555
2.073538950735803,0.4657777777777777,1.7240754813802188
1.968735679882559,0.5380116959064332,0.7501250394800538
1.797823855940561,0.8633575013943109,7.433561207416725
1.8188282072740438,0.8106782892944701,5.961417745299878
1.8658204546026682,0.8269649861978785,8.377787640030709
1.8165807671475096,0.8699863780838504,8.624917140686819
1.7959641155481323,0.8509947218838815,8.468336816353954
1.7554854111866032,0.8502697186178746,9.913537649077755
1.8538400070279382,0.5731769505354409,3.6808393659906575
1.7986488334181405,0.6880411888602855,6.148711234012129
1.8682056941144025,0.9175205437759969,7.4936905126126785
1.881506118137416,0.8754401671142943,9.980623621300454
1.6373554086005144,0.6748971193415642,3.5609528256033904
1.8446617509318162,0.8937368894216362,10.966294067470159
1.8429661504840966,0.9583797253592067,13.137312025787216
1.8564498362482968,0.9234079614734362,12.222373862787205
1.8531509839418565,0.9001493382769454,12.474340383327727
1.8746022831160032,0.9266147079249942,9.281190257143633
1.8169961425665018,0.8778119436802072,7.483565918723698
1.8470583282364395,0.717864137717761,8.61138996530411
1.794286875133828,0.811921722754442,10.630077448572214
1.8479616616899792,0.9163509180996792,4.532766802209799
1.8769735971039285,0.9171991659379836,9.274768043709084
1.8319094107520808,0.9091990955611091,8.265382676852626
1.8789989553522997,0.6437869822485209,5.236875798302952
1.7968922419127376,0.8653061224489783,2.267607924372822
1.8864830433763522,0.8889771598808344,4.641601483206026
1.8809440097979029,0.9461109636315368,4.467095513915542
1.8179229657933638,0.942538238941712,5.16383421147039
1.7332962739026092,0.9624060150375936,5.269212633133433
1.8711084929449129,0.884815663403458,4.592085783425413
1.8880795834451145,0.8029394701218339,4.450534475448601
1.872642674447836,0.8613089182773824,3.085805443004046
1.6579243483356154,0.9070866141732279,6.762564182762212
1.925482865707555,0.859557344064386,2.6084662878201192
1.7871396708605318,0.8343038644785599,2.223906093033084
1.8320741219526833,0.9217860353611027,6.014553982483532
1.910012513917579,0.9021998409753509,3.7285761378656366
1.8938144253953753,0.9316181448882873,4.563065192302459
1.7296526736668796,0.9628796400449948,4.832012723480022
1.6819774756412467,0.9866270430906388,5.805798101472022
1.764283108737296,0.8720483250961008,5.315739118811535
1.8653981349121886,0.932326329170717,9.625504150438918
1.8664868425654415,0.9070376187270959,9.754734042095537
1.857420201803937,0.8767211530719056,10.135306449865183
1.9025926882493644,0.8457587116479245,5.659923764037832
1.8578161383687255,0.8927264195213517,8.912249919991046
1.8861658705114204,0.7821644217371111,7.864662004513992
1.8662064555778695,0.9319050116113565,9.52053260244161
1.8764056156450082,0.8613152264905587,8.77570289807842
1.7968673668117894,0.9932885906040274,1.1516109480653602
1.9890612381913542,0.649740496563333,5.312079098860204
1.853319759540817,0.8683866365473785,7.737368149145632
1.811294655427328,0.7708683473389355,5.011055474853819
1.8522941460106106,0.8600528102602797,4.444218954804096
1.8610293221445056,0.9176728869374318,9.179840501882095
1.8614325888802428,0.9240217305723961,9.535729716160008
1.915442015649726,0.8983358970773321,5.116725453966281
1.8449930624168231,0.9690257408872394,11.638461019984689
1.8352177641836624,0.9806090098060901,10.751420879565789
1.8527887613595435,0.9459907834101382,11.018229737593842
1.87262610982398,0.8854902719969026,7.518702391291369
1.855103776980335,0.9634433285509324,11.11201524948365
1.855171968580662,0.9703785287809402,10.810342229028338
1.8473560779227527,0.9424313725490198,7.677197215616651
1.8473849003190383,0.9577464788732393,8.988754069185877
1.8793373629030827,0.6451612903225802,3.0920366987156735
1.852182907680281,0.9673382699041391,11.300555265396337
1.8584965268959297,0.9146579804560264,9.676935708246416
1.8404498607111377,0.9095354523227381,3.9253672465451666
1.79324553142612,0.902533532041729,6.594969313335477
1.830193130271743,0.8154230631917169,4.944072932768079
1.9642954702715578,0.6861762896563847,6.315931865540486
1.8978831136431924,0.8543236074270557,7.448301395632101
2.194299414381172,0.35965417867435157,2.354788566023985
1.9465159260713538,0.6631169952511152,5.898339369883651
1.8367138674883603,0.8934232100564768,6.5394307937464005
1.9178430149579078,0.8799274120375038,6.553800611396057
1.8259859109488987,0.9453969928778689,6.477750349491153
1.7720220871952508,0.8396156688839616,5.472011509604625
1.9075098630161302,0.7750449910017997,2.4022285272815966
1.8552213613859556,0.9375796178343951,4.057622178436574
1.8560122833749502,0.9471130519165452,4.033880748732965
1.8472515823804347,0.8658436213991775,3.7022760103872896
1.8567245845054128,0.8900455432661025,3.2015692902966877
1.8592613776252511,0.9650939777522057,4.2178163695653685
1.8576162443128152,0.9709718132099285,4.321273309260976
1.861687154756961,0.9389166346523241,4.14159916777308
1.71082189142894,0.9633507853403137,1.97360975849968
1.9191005180152407,0.9658576717400245,2.9254172474243934
2.040332299774177,0.7447447447447446,1.9469280852391497
1.7281237392304927,0.9908256880733931,1.2346834483924582
1.8412150698725118,0.8196248196248195,2.838169266146352
1.8230227805419654,0.9673202614379085,1.6334971830476794
1.9557743976673974,0.8786482334869432,2.3785211444601866
1.7772277904265548,0.9266862170087974,2.248607214189637
1.8969211497064122,0.917131178000743,3.3539560978062886
1.8978054143469323,1.1343283582089578,0.6372843243581392
1.9136580489410104,0.892871055707051,3.245270062399987
1.8420504795591515,0.948517940717629,3.6727006302436496
1.8478990141705622,0.9629298794104515,4.249370671509229
1.7921015888343328,1.0254041570438799,2.6762897790691653
1.796748902116127,0.9905956112852661,2.1539273017221316
1.6584002265514264,1.2173913043478226,0.42484800527225736
1.9162518141088172,0.8672086720867205,1.9159316933500363
1.8941971339459374,0.9448818897637785,1.3807149918524422
1.9461640519813996,0.8666853774908782,2.974334795025759
1.9062933266759667,0.8925098554533502,3.431212849606671
1.9727909427212043,0.9874110563765737,1.775383381188565
1.8740637763119716,0.8713718301252678,3.836934446494488
1.7941883215556322,0.7728210827115415,9.571538244492674
1.8389185331679712,0.8080517613227894,9.702847067302262
1.837313652351829,0.8542690488219356,12.179822379687984
1.8503184323645645,0.7703818870858034,10.959407974793484
1.8488854471365828,0.7320305575486431,11.941556881577913
1.863040459771256,0.8242222106415134,11.920692724151177
1.8734320339988995,0.7826871055004506,8.452761268450068
1.8706873316331993,0.8535550507864399,12.115367159391031
1.8618021701843726,0.6714682483641672,12.419303359781683
1.8738286255009218,0.8059229001787082,11.68196601533521
1.8040929244683799,0.7764139038660091,10.991980692849154
1.8624853195439506,0.8888627127628247,10.19089371273993
1.8872984875749683,0.8219732562341888,8.491885411147067
1.828841406984676,0.792351020021773,12.5273025865568
1.7332571463901105,0.6862893081761006,9.57050977386457
1.8311199529998954,0.8159863623449195,10.100644574722166
1.8477885973297203,0.8456077602557851,12.56489368063224
1.8059812975571121,1.044854881266491,1.632882728932226
1.79652063594017,0.7156927787700944,12.651049148788632
1.798735916134853,0.9076052796983037,2.50091313072642
1.8096145852569585,0.8230514879546527,10.15354357389621
1.8534330998617892,0.8755085435313257,3.271489216257923
1.8564251430722034,0.8777655188432727,11.875997864339343
1.858005484843995,0.8270589212997589,9.801018664315722
1.8582648475661432,0.8146366468199203,13.288845595917383
1.9073471986268389,0.708461801986982,2.3480350872210787
1.7767690900272273,0.8705405826452717,8.4126351212795
1.8068091851642596,0.7988708539167256,9.665663785934
1.8760524814626474,0.9658524107942195,7.437608103571611
1.860229276729392,0.9785131563828563,7.857841392176841
1.8922012702908766,0.9479768786127168,3.773802465971527
1.8720383673648637,0.9765506039995938,7.977699015820429
1.8794031101252597,0.972778775735802,6.577546294944413
1.8715114976155836,0.9458540413287994,4.9652202962666525
1.8719909878502932,0.9548475038337026,5.9539274797477955
1.8665694514920266,0.9776531089294063,8.612689101667433
1.8709709794208615,0.9834627683873916,8.645994548244047
1.8827318035864264,0.9462670686291893,5.679624806778361
1.92194068308241,0.8737690241718888,2.2927672090244102
1.9411567269089482,0.8562182154415162,2.624819387395642
1.8715670994424713,0.972149946998169,8.23370995310503
1.8382129428061187,0.8464423031281147,16.280562048625356
1.8178460201827806,0.8803844322265036,17.397392398865836
1.802356749222316,0.6537235583888726,15.717511002548784
1.8953706580850063,0.6409732053903833,13.02678669605852
1.8173257534042124,0.8283607232433648,17.17624844302237
1.7972142448610182,0.8325332708894352,17.81580581909377
1.8021752891584222,0.5320574162679425,12.067718218014393
1.8771098550064051,0.7705165091108371,7.140598500345538
1.8096692153422427,0.6852168810210768,17.911324989145413
1.8233609877019203,0.7914633590222994,17.229016070418705
1.8842538348981652,0.7582178444622609,7.346137426821722
1.8795234857717458,0.8297213622291024,4.99446747217163
1.6673865385983937,0.6490713587487785,1.3055251938584862
1.8231217325795694,0.7969868796821323,17.280951695518254
1.8782113755144785,0.803586438778369,8.148196748685606
2.141176795478158,0.46019571541920146,1.5765094368274217
1.701856525268872,0.5956006768189509,3.856823871273335
1.763422955275339,0.8843813387423917,2.991204536575252
1.913201112388484,0.7988032909498866,3.3719343753660396
1.86510812228582,0.7823074873434588,5.835782489308238
1.8441530235439778,0.8176830224173071,8.285257222943182
1.797781553188908,0.9075582226032293,9.255267522769635
1.8271659292386586,0.9157689811810512,8.781800853057286
1.8318536225552844,0.8241862998774341,9.018670757850852
1.8645120155262056,1.0314465408805022,1.2604015309803556
1.8282980259129367,0.9377289377289376,8.940109397010454
1.7891126021995962,0.5736409098241653,7.321180163724289
1.7611691959835976,0.8115273775216136,6.0372399856943755
2.2369888176823287,0.3238866396761131,2.9200063278051234
1.929453587792463,0.7293002509060498,3.5740179203488114
1.7847348420411417,0.64324468558214,11.12923166782728
1.8339787671254844,0.9436672163412949,13.337183949382402
1.7926472527971151,0.5164351067434767,4.971152379669017
1.9342817713129596,0.6862514688601637,2.2605974511118023
1.8375688298485302,0.9487849361660177,14.05084799114201
1.855823920925611,0.9670680593440224,11.017037298696852
1.8422775033305123,0.9583312639682146,13.714745185322096
1.8496139520777324,0.9682151589242054,12.097099467791537
1.8431210572255794,0.7463863337713534,6.10532431107632
1.858281337318111,0.9455384361868667,9.723476616059727
1.843210932880166,0.9649747541854905,13.227328358417399
1.817440277598593,0.8833849329205363,2.8337962203095004
1.8237368023493776,0.9426159859513964,13.304478119269762
1.8179187676796178,0.8790591539406706,13.17910573814881
1.8608979606021716,0.9625207945982971,8.352225066967447
1.8077371120006043,0.7432688661357605,7.295328647112988
1.793025068345373,0.8675364543361475,8.477246531692325
1.8390620380788172,0.9572350856754527,14.156853175242178
1.856258509320279,0.8889615699100576,7.774087674354815
1.9557924420478763,0.9011857707509874,1.5440774968154085
1.8706734840585475,0.8334324301367535,9.615207498846907
1.8021938516460878,0.6757882212968467,3.697131725527754
1.8625310304798681,0.881841432225064,3.650429472797671
1.8413542434410881,0.9234967352109931,8.924103312253026
1.8601734246299964,0.8253263930369485,9.31878017334665
1.818569027492545,0.7242222998951414,6.287752808971234
1.6336066377855791,0.8062015503875953,1.2042855247625164
1.8578191476637997,0.856178024071348,9.772036422289503
1.871677395997016,0.9015245158632058,4.103035830852347
1.7168783882851486,0.709796672828096,2.137336471927318
1.8447440304100409,0.931186980364408,7.087080776949382
1.8408767438947005,0.8545352112676058,9.266636237591607
1.8250757126936195,0.8517261362695584,11.381784766901012
1.8705135410779061,0.8266075388026611,4.041947040366365
1.8647780169329287,0.8688736454915995,8.991678010345462
1.7334030154517999,0.7720357097950461,8.313792252324633
1.7423071835822757,0.8088836937463472,8.75454149043342
1.8392853776115925,0.9664815957228049,6.67140057886536
1.8489948961219123,0.8314665277415991,9.928975343984026
1.7710934332803119,0.810935772439441,9.112210787284393
1.8290722589928468,0.9301641754471944,6.627304607659551
1.9063278208253045,0.8590523690773065,7.314024330328347
1.8064993182499807,0.7607765712405394,6.370253341186124
1.8861748277062602,0.9032785210907975,7.725657356488464
1.8469570677377538,0.8717781402936386,5.598463086160262
1.8550837987100433,0.8226853433549713,9.020469608120699
1.800030260085595,0.8352634886435047,10.217587094869929
1.9832400294490269,0.9963369963369966,0.9209303142632373
1.8522148165530112,0.9024458290709566,9.312176865352178
1.7557311586091897,0.7094582513856605,9.56501182248761
1.8657670998744262,0.8756376828024032,8.385317874764278
1.8683159208355196,0.8512598992080633,8.121538504155154
1.9065296550863087,0.8463259050617179,8.265899175586942
1.8657914870169439,0.8878425463791316,8.968816233860432
1.8442783426503508,0.8829241680305506,9.250209722506357
1.8441569755794007,0.90074575228723,10.663221908052503
1.8336462000696574,0.9619875776397515,11.8757552635668
1.8312080608275598,0.8924632912934869,13.224836998021004
1.9238555942547373,0.8442728442728443,1.5018283417641924
1.8467585390799168,0.8995267814278856,11.909882491545135
1.8029403542707496,0.9346674514420243,10.769522666444963
1.8483884219552589,0.8652878703186138,3.1541668465374824
1.765692880791365,0.8793902256762817,9.841576726617996
1.8384262414348775,0.9158017733177534,12.21435317140029
1.842151571945905,0.9145107625449856,11.044718195771761
1.8243741527757749,0.9283814402521919,10.84710937165727
1.8485655027494008,0.9117547768550399,12.03245196202985
1.8218108031370421,0.9142196234659129,12.822130590548715
1.830693749834966,0.9360484914527004,12.526264530768774
1.800429825764928,0.9370464135021097,8.537862554212657
1.813045692395357,0.9004228697213698,14.473508947951357
1.8370844161908224,0.9296900596291199,11.60028843792732
1.7925459142773394,0.9008671197562694,7.929086501921012
1.8238184768932533,0.8759682857923993,9.942112680792805
1.8769129655590928,0.909174734900876,3.3559607984405773
1.8138976699847853,0.6488479262672813,3.426572045174665
1.872257345160304,0.9068462401795734,2.239123177395225
1.6114869201950877,0.5821804095185388,4.55213863786314
1.8597700390108607,0.8314924950438968,4.763899700806803
1.7636642709695838,0.8030678998420934,7.499976144750264
1.6968019474366836,0.6388384754990928,3.955752354309119
1.7750198171423104,0.5236834363047954,4.7216585243220655
1.6751714311454737,0.5083501125192464,14.344898934968334
1.8177507250319604,0.871968629839723,17.1474164471038
1.7606981963877093,0.510196514645903,3.254939834920523
1.8353789091843817,0.938923990044036,17.245247457656912
1.8312821663060497,0.8973130880804375,17.615785871554994
1.8372015036350722,0.9218953672714462,17.26448598045005
1.717904067067465,0.6892251539806858,13.574986887738929
1.8319364153693989,0.9095137889024254,16.909805243694525
1.9471393500268204,0.8968609865470867,0.5852346209146617
1.833062972368139,0.8595717597854251,15.586883341153525
1.8777185909422698,0.8618297559781279,7.541776056253792
1.872641898706712,0.8131679716522834,12.63412102929458
1.9093143073686247,0.4183277245663992,5.5649335738789345
1.8226357993009012,0.8662269441921084,17.013121989505088
1.77609417987516,0.7802557240559024,16.37411415346201
1.7313574044525923,0.8218337260919604,16.16539394270351
1.8665830116905593,0.7154246100519931,6.786151842994622
1.8295364816162138,0.8648648648648649,13.743020539283505
1.9423367533876728,1.0241545893719812,0.7079335680853298
1.8171269407459905,0.8848612574639972,10.107003958757016
1.8400830413288594,0.8976945902761927,13.938714092327434
1.8111280513566406,0.8666334164588528,8.94139226241908
1.9031598284497098,0.7098850574712648,3.0175217223988358
1.7663385871610267,0.4344569288389511,9.357732884320118
1.8347101971135136,0.8801629610367098,15.580489625411397
1.8465277476601163,0.8873122235361103,14.37334224741217
1.7991612441033569,0.8356615357238188,8.319954393247075
1.836430600690859,0.9087970828326358,16.24396566516127
1.7016114857100293,0.658426525407102,6.1193984815376545
1.8532496463099226,0.9187664355725551,13.200107111981673
1.800060536066881,0.7287237522077582,10.660985289510828
1.8406858736072294,0.8319205226499649,11.169307049201244
1.8499725148370656,0.9295355401590968,12.281008691775147
1.7319607800437682,0.39330829634687614,3.7503722312816983
1.8481124848751584,0.923975910798402,11.469155840184666
1.787559030677561,0.6920593931568754,7.284495372122739
1.7929243861653723,0.8146900809878918,9.360558320488744
1.8534844791309129,0.9302177714194885,11.830792224602426
1.8337665047248728,0.9174643605439381,16.127967256067457
1.8354388856194181,0.8586747176097028,12.737634537126487
1.8334931098920524,0.9055865208696764,16.258172414759436
1.751994497821958,0.6396480243675439,10.185441402515822
1.8165410743610981,0.977981328166285,7.771670990165035
1.8232590392412755,0.822408316488593,6.147610481379089
1.857987728137526,0.9221818181818174,3.3069906544605883
1.8082428457074424,0.8802228412256269,5.566043082978117
1.8125849435514192,0.9698065449285843,7.919970139110695
1.8102747927160088,0.9307398654790037,7.849035022970414
1.7948742844509458,0.8610567514677108,3.682678291748721
1.9047611678483543,0.724566998061652,10.70749062713996
1.8108820664743048,0.8423410344684558,18.19266000164108
1.7832539615155192,0.9482419368637182,12.922863529126184
1.8534815846662136,0.501989150090416,4.368279693961955
1.8395774513490524,0.5494077073024441,7.368469533525915
1.8681173288260975,0.6761707485479872,15.19385828200871
1.8174261485095535,0.9051182280754265,14.866953943783958
1.7826313420301112,0.8636918486369181,9.639861748561676
1.8110991100611535,0.8720555706469014,19.11250721234943
1.8189618751574603,0.9209135431314551,16.802269399186052
1.9303430910686534,0.8308505018489172,5.538378999605273
1.8725210244447055,0.914946654701366,7.233714674609092
1.8678692844750027,0.8647673069485625,6.838503145031573
1.7897452269610226,0.5830508474576274,3.487027809920662
1.9383168582836992,0.5967794939204732,4.660411222179479
1.8560581221709418,0.6979257872648773,19.23166591573217
1.8527342672810712,0.9352963382408456,9.037097403655768
1.8959556268134996,0.7420841385461572,7.748213592013597
1.8906022106812215,0.8512915508901926,7.273426729142728
1.7788390270673027,0.9137529137529141,2.283706024304512
1.8876620623570337,0.8660493022042522,8.18267505335171
1.8755375733200406,0.8765128651877665,15.060781335750272
1.8382591942889202,0.8516148347741477,12.749337784761039
1.8973640254987758,0.8859418169998374,13.328979016913845
1.8582448078492988,0.940802963158939,9.597817207407681
1.8841476101704606,0.8163265306122449,10.465251011877038
1.8454434866599116,0.8182930476630687,20.213020607351798
1.7478386597596791,0.7480990706567655,12.911736766781496
1.9219225855903028,0.5081940613337659,6.601051193032199
1.8891261392909404,0.9235388739946381,12.635837264704584
1.8300232559167888,0.8358791030224244,5.701063775935494
1.846516344678991,0.8186238396935318,19.33198921460762
1.8551832946736397,0.8123748662954939,18.07347895966237
1.825596648442992,0.9679503105590064,5.803852810769163
1.8305418644777813,0.945897527767825,8.835388658853878
1.834425464546853,0.9678421996413626,8.746018775834264
1.7574978649864272,0.8601954989770403,7.177954489872096
1.8190422387751044,0.9245911130409609,8.02804958788433
1.8347981821923012,0.9438874756845729,8.329080569939968
1.818315202317967,0.7615347255949485,5.011473597444142
1.8278972692312325,0.9388209121245826,3.501926641994985
1.7748326478839298,0.6194357366771159,2.5723300630455563
1.889512721255955,0.8060453400503781,3.2276346459196366
1.8175704526295018,0.7788558046169288,4.762617463445916
1.8265109482080153,0.7893529141808165,4.810446103606785
1.8278273864833987,0.9024592781858832,11.326966507155412
1.8334211819317168,0.8821717642002722,10.40718224877068
1.7561390401772707,0.8764338608973428,8.265282934951472
1.7621981929497204,0.7149497168934337,11.32005327862532
1.6840609145209655,0.5282772147760707,10.533988100087226
1.7798983796081904,0.6387225548902198,4.348502513686082
1.8136800446667722,0.6539631705364292,13.211301241820797
1.8268550250369149,0.9227847468639111,13.176222882753189
1.8259864047661567,0.9592403475768163,9.348371301204638
1.770540448050065,0.8791208791208793,3.861537334952048
1.838394638450706,0.8278025823579103,16.958367665056205
1.8121398333300884,0.8871745419479269,3.3412224772166432
1.8350361542688145,0.8772917983792167,11.50163078386408
1.8423960255200051,0.8898048673536505,15.222913768807068
1.8319810773914131,0.9078967466014967,13.069505086580074
1.8531088325323972,0.7597014187552523,14.160063856369506
1.8228617567862784,0.9019317714755447,9.626389929972483
1.8303890282327313,0.9032810576459885,12.649514391213344
1.7947847733601914,0.7782469177503799,7.075416550426254
1.8364182338742527,0.8863896127645957,13.905774343235375
1.8338090350022522,0.8330212359058128,16.42311407589567
1.8337780316564791,0.9007116700062183,10.570935678862591
1.8340371901162598,0.8288136243335505,17.131850434281738
1.9228410034605186,0.7397069085833909,4.24755664158823
1.8464123473651137,0.8733505876363018,13.842593559801319
1.8421625183358625,0.8758680954790046,14.913194477720388
1.8695788213412528,0.7196227783822996,4.569427677308954
1.7840850147151146,0.9547233091112355,3.8001709384173368
1.8429475352024831,0.9241422725841989,4.3461513241418785
1.9059280057432997,0.8811925914771874,5.3361415738731734
1.7513681352646044,0.856368563685637,5.807252518499972
1.8514415437860265,0.9184792888216377,7.046757187169344
1.5239293174996449,0.5440206019636246,4.277086577210687
1.8101289358003871,0.5501278428206162,5.139858238884551
1.9608113771844442,0.8023103176686798,3.0151260744351127
1.8793187709290138,0.8062378167641324,2.4442294499667643
1.7692679593703222,0.624468696151637,9.867890965658173
1.923978531788149,0.8469791078486721,2.9108080759268113
1.895026031605997,0.7824109173616377,4.0919793888628035
1.8772057568078355,0.642695300955571,13.846840206042168
1.6231232570262388,0.6557577611255543,6.760478219420599
1.9067257582882622,0.6911749562351972,11.09313427640091
1.8405863322687217,0.8198792643549067,6.879590992386637
1.9505176382472478,0.7923022764609247,3.205626678128829
1.6977839660951795,0.6064845957217812,7.77915420685074
1.8067310070442648,0.7608111862209467,9.30215198815447
1.867789614604868,0.9089029971947438,6.755766750641709
1.806455958953698,0.8433408577878104,8.457443488594858
1.8391322427604788,0.8819599109131405,8.68174084029272
1.7889451787351585,0.7813586394813491,10.804046826055526
1.5886230664295387,0.5243168133395093,5.177705274783034
1.8511965694150867,0.9183924349881795,10.325556320937018
1.8810444741536407,0.9157872065474908,8.950661813927754
1.8545841158047662,0.9153531815528314,3.433392298164292
1.8853809063495508,0.9360113492122749,8.301469391668116
1.8593207603311617,0.8991895350490543,7.233807947844373
1.8814692814094887,0.9547462288524041,7.978065177599818
1.8421559411388624,0.9253510716925349,6.299226589748565
1.8788317841120128,0.9469799261859752,7.923932514191027
1.8874568986204596,0.9242232322479694,8.853153235152257
1.8294363880632578,0.8236171164455047,8.21449868581392
1.900701106107971,0.8885113612231896,8.316474939077834
1.9276759753214845,0.6787918689819767,8.537764813677219
1.9513213882736058,0.6285513854787796,4.114524937963332
1.8411169541799304,0.8477335994537527,11.343557533261247
1.8625049809666177,0.7249147413420434,14.17543266883321
1.8935780125670052,0.7771944679650014,12.111562088579687
1.8891070951441757,0.7925019526165061,4.6875028788168285
1.7503466083980097,0.8083645941415917,11.091257783257808
1.8815423264689888,0.9039293100206806,6.039467043056505
1.8371271400975293,0.8502788055656887,12.29087778289132
1.8857035246502956,0.8028192649773455,6.609386943888141
1.7793463594969559,0.8447685667510046,8.995590002353708
1.9056776995444855,0.7444498236392558,8.956096233271468
1.767847814099611,0.7608453837597333,3.7593852005989947
1.8174991628743136,0.8835133561865339,11.584494076594797
1.8554107427121052,0.9719855706500884,10.372038238910669
1.8537074046414175,0.9837218188765763,10.41199142132365
1.8408292462457887,0.8861993612371827,7.3392769883985
1.7675745670421794,0.8482395791177656,5.39283072381151
1.8323156632940154,0.9506344354913403,10.263789844034097
1.833801562208821,0.9694540206846792,10.565000736220489
1.8728492832224264,0.9227500379420246,6.2399111494754695
1.8402303984238768,0.9785536910226502,11.039900434060426
1.8677971815422287,0.9480822679266258,7.720976041661363
1.86606612631086,0.9722407707717257,8.312585597243613
1.825622349655241,0.7395873880887504,3.6092590836260934
1.8686630980530434,0.9721508580824172,7.755039150125645
1.8687215300477835,0.8921766420085179,5.069769701862743
1.8342985317007936,0.9637471928136028,9.610043579287792
1.8312986367783033,0.9639875389408097,8.71028929647483
1.8660970137892001,0.9665283052194651,8.818374160309277
1.8660880062535423,0.9746330703317214,9.20600423109833
1.8730548053564193,0.9441411171776567,6.404753825240317
1.8640839942197227,0.979743362117666,9.624390496832
1.8319973572676147,0.9678025450508158,10.534511598760451
1.875696331371612,0.903706330909736,5.80936424324064
1.8105766912921273,0.9079754601226971,2.267265294193305
1.8612507368440125,0.8751761477416007,8.934894780856467
1.8675429556191825,0.8836895388076491,8.64028228933963
1.9546670344687254,0.6211249824659841,3.482252809681644
1.8611285130171322,0.9011525195591823,8.680880278426061
1.8971435736434143,0.9095215537659876,6.368201699578632
1.8656848705743163,0.8883332030944753,8.998476007546703
1.8660286568661328,0.8525729174205688,8.295752077928634
1.7188102053557708,0.5491346435904959,7.701703201889485
1.929484747432643,0.7611798287345369,1.5664514706004522
1.8539851002882959,0.936156298536745,9.234395830106422
1.9351189018432084,0.8047013803471368,4.509537008944951
1.904550500322592,0.9028213166144199,7.4178184572248504
1.90914744680105,0.9164404665835229,7.360310738631381
1.862730348185931,0.914517260188576,9.156933828905132
1.9006734595238326,0.9193404064936724,5.226918291950227
1.9584674330118428,0.6940724350762779,7.583588665763111
1.897293030290958,0.8265122020700789,7.844369025998403
1.8367466137970405,0.8267547007320224,9.293110001532837
1.8144294948183954,0.8997570850202429,8.874738275716895
1.8342122527465823,0.7536379882563187,6.990237854900505
1.8370601492872678,0.8153497008458842,6.725022631864671
1.8244685275803634,0.8212048192771085,8.696190744059713
2.045921480737556,0.8984468339307049,1.0807179485078187
1.9021440420024203,0.9116279069767448,2.0803676847855175
1.8139956366386505,0.8562831351196445,9.280120787688272
1.815640450534679,0.9473202015574903,4.7411809643365865
1.884406936681975,0.9412659190268008,5.363947241457815
1.830587953255595,0.9377526273241714,4.084044442696833
1.7722077215921546,0.9471739933505726,6.201273584506039
1.8583156547771396,0.8881641527381438,7.552389780222619
1.9305496335669774,0.9242212924221296,3.108703049891011
1.8597772975910762,0.7649635036496354,5.28006589500835
1.891401463689993,0.901602619334827,6.377063504667878
1.7903161926693976,0.8984449990401229,7.488921051503994
1.8036116246436438,0.8937288772061588,5.417645668391754
1.9649107081649153,0.6036054964911542,10.75568290590152
1.7883636498650453,0.5828110456096804,10.691141363981718
1.9102629742784416,0.8791544077585267,6.082327855359831
1.8905305559919594,0.9434290687554395,2.62975503834173
1.8769289469098873,0.6762424303087934,11.73255816361522
1.752571440886121,0.732503776163418,12.432855357406444
1.8275499905943422,0.6062972907005124,7.172180572859083
1.9468030540410652,0.6562795902556599,6.050422037058859
1.5848506178749906,0.6110590440487349,12.19533379973412
1.8277854067664319,0.6814487287860068,9.892523023301225
1.8621519403644964,0.7050126015121815,12.689761489209895
1.8515730924296234,0.6890308178830534,13.400608257956844
1.8998448651469704,0.6962722852512157,5.734151327531532
1.8687464049206524,0.7216371264663072,11.049020950953413
1.7479395139851857,0.3833423139096298,7.269893776795031
1.9243647749347643,0.5901579475942662,7.476923680901959
1.84564259131135,0.6925752306063816,9.02033571366192
1.8872325829130818,0.7236859409933803,11.50506158918013
1.6427400901987292,0.5015915886948972,8.452245987555099
1.8608428753642374,0.7099303832919901,7.279797386564937
1.9169876357855147,0.6573210026363142,10.81267243778061
1.888805939512589,0.4402094600394884,10.537562450894196
1.7845112470384066,0.6609595368602575,11.528157118257699
1.8323847209673783,0.7598383793656943,12.110366032866617
1.9764949608813995,0.377173818054706,12.595301912111582
1.6522307595478394,0.51627273852246,7.363509778468072
1.9182870852941498,0.9073687590303422,3.9147515689849812
1.876842551546224,0.847135394364991,8.07184322976392
1.791130947654384,0.8451499118165786,6.680324589105753
1.8712516375476356,0.8680209220289504,5.793407435761931
1.8618677762288571,0.8314761315174025,6.166703817355913
1.8598487034003657,0.8802538551466901,12.39337056424463
1.7257381674636427,0.9411764705882346,2.858752337294902
1.8729411825184543,0.840144852560786,11.18121428976085
1.8363676964809241,0.7516655180335401,5.261846960349418
1.8727773330798343,0.9237676550369467,7.154081562137576
1.877578537338945,0.8661425860666844,11.69775004054985
1.850766120960786,0.8635902907441985,12.066339694106075
1.858224320626268,0.875618153364632,10.314220719465458
1.8668751010044689,0.8352815068143535,12.551731707249003
1.8184095580391557,0.7828961869076485,6.13938969347666
1.8666580336929475,0.9136298421807746,5.28748125987218
1.8159651241991883,0.9199178644763861,7.2032004652316495
1.9367129553264024,0.8513830285982181,3.9723520782329955
1.8338522544677909,0.9815602836879436,2.494546917619779
1.7486739449648678,0.7156831808141367,6.971008470536291
1.814125345787116,1.0136239782016354,2.081152143499792
1.843286038321293,0.8637128435221537,6.0967924400554745
1.888565726500938,0.9230769230769232,4.393565394531928
1.837433202317118,0.8800581536224856,5.687107434084926
1.8304453523394797,0.789160336686512,5.90815789500735
1.880594377981811,0.8079001304266815,5.499837467735773
1.8599382810021317,0.8301628106255355,6.554771234503892
1.8606840958148323,0.9639961076873172,4.895800716259508
1.8369682295355427,0.9286747984287782,6.1264012400939665
1.8419217983480471,0.8548974506421311,6.96753439327382
1.9104867522703097,0.9111743443820656,6.987342601690085
1.894019265747427,0.8939003178792059,9.584908669524674
1.856378619835576,0.6809064648683837,17.04049519150832
1.7671462429816975,0.69374292325112,14.050320924605225
1.813579993231166,0.6482325873248277,17.635934803381165
1.9182465617090734,0.7070045673174084,11.01655141616642
1.8903333407443355,0.9110583267352863,8.380742509054057
1.6269428153769976,0.7448878300575736,5.194414081928191
1.8753563331024248,0.9517998779743745,5.514398236331376
1.874924743103443,0.9214680744092508,7.807693558273212
1.7626816022883305,0.5699577128148557,14.449638344667534
1.7837930458598381,0.6498153110740928,13.927560858766547
1.852778597918162,0.9309608540925267,6.951752561448894
1.8809818743369056,0.5674130210127455,13.46062085336781
1.8713923607432272,0.9375232152143227,9.259109441142103
1.743540650416716,0.7032305076512023,15.275123791837581
1.7053104102641095,0.5627491112786814,6.02838271116525
1.8669216964102517,0.7310440193592995,5.335606814180854
1.857180216124788,0.9786984561266366,10.601843534464948
1.895800107335249,0.6348912540490517,3.0295642739981523
1.8263543789335015,0.908672538284535,9.973625957735655
1.845763537484367,0.972536082474227,9.546448782913412
1.869097741226411,0.924063065391574,11.28253181412054
1.866419396355814,0.9705315982960845,10.909380667344669
1.8451325815085609,0.9328559625447536,11.844170196513351
1.8370099944236775,0.9210495896428159,8.320246862384625
1.86771590323761,0.9285407418015177,6.532075933222718
1.8641323947039858,0.9087927336949663,6.87361315573203
1.853825654244836,0.8792948372009356,6.5295856754263895
1.8706710644587514,0.8096132181749907,4.380464029279655
1.8584725960178257,0.7927875527119383,5.935742046483026
1.8793224045628354,0.8447750274356786,5.9989379313320566
1.878958300640132,0.975243810952738,2.5459174081650096
1.9629825118244484,0.7099967007588257,3.2837904438333685
1.8535133984384138,0.8378830083565458,6.020140018165238
1.7329752471874467,0.9431230610134433,4.385289029527241
1.800312125278695,0.9510979388387449,11.055652669911467
1.8168976287922152,0.9763050062355244,8.219433446346084
1.7463066665127174,0.8393302458140366,7.279666428826345
1.8074578400483274,0.9471932213648053,10.53603887786117
1.7821372018930752,0.8802973977695168,6.34717225030795
1.8075166195658172,0.7317333333333329,6.05757205549968
1.7877232018069538,0.940871177015756,9.744741615896258
1.8178463821730282,0.9244956772334295,4.394614717083495
1.8202991750293813,0.8968529510583492,9.116275676341687
1.8649762161403354,0.9340314136125656,2.67317486511577
1.9166745407814272,0.9055857637172515,4.707213816920437
1.8312038213657302,0.9300505462253382,8.281564942975974
1.8232476956508026,0.9383371545794618,8.918758731158661
1.8316969447495373,0.9428270782181689,7.877359982977238
1.9224064214447687,0.9568467550118923,3.4242377598080718
1.8662640447636563,0.9133700550826236,3.2521207825407634
1.8457687527837827,0.9468761242355198,7.060396474336485
1.931970489233539,0.9181876744685418,3.89027755749486
1.8316275201264551,0.9532100108813927,7.327661031677654
1.8880332276376297,0.9217758985200848,5.9890079854742595
1.8418333107042715,0.9095890410958906,7.7904484449147855
1.8204588316585597,0.9170271333071174,8.739744994754584
1.8414240876576324,0.8495159870929889,5.710406948927085
1.8197557770936632,0.9474558178152058,8.561929296181832
1.8724954364704616,0.9449223263576839,6.374918115129954
1.830197884430328,0.9210107792896273,7.863073902605923
1.678214358833643,0.6507828454731109,8.774629572497226
1.9151344168340991,0.6531963728035521,13.14669078153302
1.9366380511330992,0.6357116683243467,10.376931197315415
1.6566317041417298,0.6767218961289844,7.476612851321323
1.8505237716803993,0.41215491559086415,36.07736454178427
1.9502271136458578,0.724701065463174,10.45655211189503
1.8028276676573856,0.7032560107916523,16.93063531788571
1.8200771570740955,0.45558953448861694,36.34477213414238
1.8229669152592085,0.6179211875690529,15.344974393307828
1.8438333172307333,0.711273636216354,21.88343347363634
1.8446738108079916,0.6827829304267394,20.504021787701024
1.876052628607635,0.4945308154779247,20.130333055604517
1.89266117619974,0.8240724910241068,4.2880436379296345
1.7667111458418931,0.9145837861334493,8.544059746700167
1.742405348692909,0.5391096620072957,12.294183178128618
1.8466171651154502,0.6613506235457137,20.881042309947926
1.80170401046286,0.8500775618213341,6.463267192954762
1.839756848805547,0.8029465930018418,7.200289289423603
1.7820376893991265,0.8214027476500358,4.205702408201011
1.8561650921732638,0.8934437736908608,6.858850190255689
1.9097485548585063,0.9511342239756121,6.662560140849575
1.8993659842170172,0.8794134996207972,7.371980269033944
1.8399226456883355,0.6627218934911243,7.3082053123903385
1.8620671951211085,0.6696832579185519,3.003706528227423
1.9091019667931017,0.9120776236275423,6.598852399527515
1.8919396319114044,0.9021315608526245,8.743345865723786
1.7472901699230978,0.7761500899511695,7.029218871958827
1.9080785887235479,0.8766297117516627,6.315877958531494
1.7624841643966895,0.74185088047958,3.3974895755591095
1.8475691338087472,0.8997694587770338,6.992734481320501
1.8935647980148893,0.8564162485394186,8.548455025588021
1.8962895390770462,0.8978080857282029,6.948387965036806
1.8028265207227772,0.7664216267488735,5.409983850428451
1.8991845027229206,0.8783732708443571,9.043782935022973
1.8929732338333283,0.9140010895789556,8.663850465972963
1.8400394719854738,0.6770889487870623,2.9486687492167007
1.866300574710949,0.8962042324487738,7.205434199043121
1.89540421417399,0.890531043975947,8.894210242236856
1.8764183939873873,0.9010442565887619,6.957090868584837
1.8540299001125067,0.8740724332705724,7.2817801039593775
1.8876991733240425,0.8637341443513092,8.5785048259357
1.8348330211274884,0.809617385273379,7.256263938830579
1.8941276193241294,0.8853002667435653,9.837652126440167
1.913625897912621,0.7880558260305098,5.967802240313936
1.8706480201805027,0.5854201446855877,2.9326962567269086
1.7793330023393603,0.495324089003547,7.929503592309774
1.7735760153896625,0.5067873303167421,7.744168230527818
1.7869483674098126,0.6762202348884817,7.061901174560531
1.7943658020152926,0.8621449275362317,10.401155584300636
1.645610123653621,0.5083269280040993,6.1234155583589045
1.81199831561195,0.5871796944466899,12.18548200346054
1.9015609640307902,0.6478319987913583,5.709501884908896
1.8077158647319849,0.8569998999299508,10.930325948232326
1.8717029719407505,0.7115328749878956,7.138114651841932
1.9603870825013023,0.5963099630996308,2.0935999548261206
1.9670683503874387,0.674509803921568,0.9312591096976056
1.8540292674190055,0.8137212619845403,17.322605335197306
1.9040435746682276,0.7682766397293743,5.554233510441232
1.864469151132912,0.873573780534497,9.179617166156213
1.9276138100038298,0.7579165051053384,5.29957572167556
1.86031993127044,0.7655770614749442,13.274332321976448
1.8223272485254554,0.8346122838971664,17.207023760494753
1.8864280394364297,0.7902058987200891,8.12816095948126
1.898611583413323,0.8678227360308283,6.788665502287817
1.950461678811469,0.7612133782732692,3.407522342209425
1.8426838037868025,0.7062030294770452,14.908314257098628
1.864345955442867,0.7873729631522172,12.776449851857526
1.87877568172732,0.6968355113943191,10.686068673589519
1.5728371273834174,0.39603433362166485,17.043617319243882
1.661725332860796,0.5087425149700597,6.058378062647259
1.9008134656449176,0.7616000000000002,6.979660237304449
1.7752336617976259,0.470204081632653,9.149220144259793
1.7782768511802893,0.7498867924528301,10.185867461425506
1.860357106759079,0.7816928877909245,9.513103789251371
1.902954176130729,0.7636574649755451,7.846532258609532
1.8598136523989395,0.7480330845269316,7.550402998232372
1.8333787913683843,0.8107708240864031,9.001835676132288
1.8779381773260766,0.755116246693582,8.743726336408939
1.8568609945721746,0.8024841366275148,9.546714493986187
2.02130597742397,0.5893508388037928,3.0431589970478177
1.8406895185600503,0.7877041306436118,3.5407440666363943
1.7235564308420899,0.755632582322357,6.891246405156846
1.7583953493482245,0.9678878335594762,6.302019084133218
1.8252125598912794,0.8676254769592017,5.932478487882626
1.8245820010395848,0.9194729136163984,6.370499698222258
1.795588903981045,0.9148717948717947,5.732905363111077
1.7876745203050328,0.9386216256974815,9.510891405007236
1.8332619702934991,0.6280007008936392,9.41842675897264
1.7697371071010162,0.9064039408866996,10.006344157206035
1.812925282376323,0.8348224513172968,7.354718334032685
1.7674703883463827,0.9447163313394961,8.83093182008746
1.833642615992259,0.4514369624501784,7.585075335743586
1.897826395005854,0.9342169064166803,5.318263677232645
1.9183864076376884,0.9116570831155251,2.7244718282537237
1.9276302817181699,0.8737092930897533,3.1229845368205194
1.8656516503703648,0.9155383623468734,5.733079658213414
1.8668714260979842,0.9305716652858329,6.1057425432392955
1.8235707180867338,0.9062870699881377,2.6537764733538984
1.9505718455781271,0.9007118771075309,2.947353034450151
1.870120654133146,0.9475204622051037,6.19335004133339
1.8735189118781728,0.9340003227368081,6.11327232857187
1.90274371204164,0.8982992016660879,4.204034560463498
1.9020797784581915,0.8940503841343574,4.984629825611895
1.892001286314132,0.9225473321858864,4.789481335343867
1.9161054403273379,0.5961082107261512,2.6250284582488512
1.8693145633933115,0.9586078309509011,6.63262045651038
1.8151054209201936,0.8983388704318945,3.4534885585663555
1.8918589708291809,0.9163224359730906,6.362256911585326
1.8817658272203213,0.8567741935483871,4.8924408583841466
1.7983751357566151,0.9770812928501471,7.253819530997937
1.918977096376412,0.9495851946394388,2.324754109939698
1.896080763534442,0.9675736116287738,3.700232542591954
1.8632995636254615,0.9001692047377337,1.7007044575038799
1.7925358388552801,0.9637234770704994,7.090961256381943
1.8977900379524788,0.9714450533602538,4.0783006151840935
1.851521986298806,0.9396089790007242,6.469302609634473
1.8596363372220455,0.9515096065873743,7.14551095003776
1.8554611299999937,0.9637344710754172,7.809655410936529
1.8677686122315582,0.9677303046691902,6.00119967711185
1.8812111574386394,0.942237491947606,5.177908279542049
1.8563626200765557,0.9715657778339442,7.784879562595984
1.812045567615692,0.9554906341295757,7.843361700204204
1.8479066135664264,0.949893256310436,7.993806001993699
1.8208493636172627,0.8745011086474499,4.582235986598432
1.8413290893614012,0.9414513825782163,8.012454791958765
1.9391689284433578,1.0068027210884334,0.5939094956061391
1.841521230347823,0.7740526722232577,16.568471007383426
1.8362220446244306,0.6764160659114314,8.599814469395447
1.8637478517652741,0.7805862518766462,15.624767134955423
1.8020323682669686,0.8229544379631091,17.057876664267773
1.7546425260728409,0.8216696716843471,17.09179037596367
1.9415349192189073,0.6822701810760347,9.721901495026266
1.7696453849825156,0.8009361357396823,15.07626715109142
1.943184733143102,0.7054658110201372,6.635135603257278
1.8160243129196727,0.8755888057633696,5.623097974310554
1.8160109335624972,0.7919273461150351,8.484605487507485
1.930237661836565,0.8152599542511533,10.322699471448958
1.8110750664223914,0.8881700865932137,16.87690505991384
1.8475688725874653,0.7709155926394995,16.163060767069933
1.8373934907018528,0.8060503096399408,11.593420673569728
1.8861323645673174,0.7652647180309545,15.581259721803297
1.939966157490592,0.7263778252703842,9.52242989333186
1.9283812495269494,0.7582824197573359,8.733541916812735
1.8967129565946068,0.7458010751305331,14.39164669216739
1.8660747838274407,0.8656319290465632,2.992544933543045
1.8560151840877488,0.9591205771212642,4.726742443733695
1.7984711582133017,0.9215969215969214,4.514862962775524
1.8559380842379158,0.9633088725817208,3.844327633573653
1.769432035798056,0.9859719438877753,3.7089247311832496
1.825185135622603,0.9689898679766658,5.60091618846222
1.8399643483458676,0.9672707600757371,5.146204348858403
1.8496015255412646,0.930893198579623,5.137974481825474
1.915959953549347,0.9375349617751261,4.4333243748858635
1.8122495246277317,0.9809861424427969,6.1099810288110055
1.8605519363755694,0.9262997524281089,5.9819602951673625
1.8860625836442286,0.9387408790089936,5.649387371946365
1.9023338625429052,0.9557522123893806,5.41842032455008
1.8608299996424038,0.9176865850731941,4.804600583204258
1.8162313826678993,0.8926656550328781,10.445103446224277
1.839851948640831,0.8030453146999009,12.638965169426198
1.8443529787175852,0.7936925098554531,2.5600761312962113
1.8216827576423058,0.8831216302659233,10.673050063264471
1.829087797151364,0.871075032414454,13.137454755128214
1.8398899562926754,0.7862950652007158,14.232591530130085
1.8542243168388257,0.8142353854421686,10.879207154791825
2.003192236202255,0.5449539087752902,4.447306191421566
1.8030533363716101,0.7535070140280562,2.9522602118835035
1.7829613946111722,0.7901777533443285,7.826815163007732
1.8713145316974535,0.6460462245387835,11.839282059995869
2.172319053425612,0.4761083318958083,4.8018011941018095
1.9794324640069436,0.6526689647968241,6.668525788269803
1.8423764112597976,0.8921692169216922,12.34478866110267
1.8432862994226493,0.8782104391052193,10.529090109588353
1.9951784834035542,0.7128129602356404,5.782845141734335
1.8413865132299434,0.8107232287523936,6.28873840493964
1.7932783922710394,0.6461478141540874,12.544726711887272
1.8319650112509542,0.8844489892236291,10.739358233032519
1.7942713702001931,0.637959446872537,11.597676457294671
1.8666786912607074,0.845153374233129,8.648766561801573
1.8942509421605465,0.689237752979005,11.066094431145796
1.895490997440529,0.8977955911823644,1.4059315843671047
1.8407997344828044,0.868349042262086,12.745055878842871
1.833844218222232,0.937949489881251,12.43928796220618
1.8240413791335706,0.706396657023465,12.421422961182563
1.9433779923926695,0.82544578313253,7.248339079324017
1.7720793953464071,0.5897693079237714,6.524237930400742
1.8528580091698872,0.7824716740451716,11.408567738563358
1.8442511572291753,0.903696429823946,10.806964955248523
1.7784644942337622,0.5092980398726754,10.90441393669576
1.8163476156871523,0.5349955476402494,7.325874021075935
1.9940988505136161,0.7426586675086834,2.0346044694366854
2.0399964152655428,0.5686713768740311,4.051377026600303
1.971922172481599,0.5351146416320636,3.1698901817324643
1.998178596460776,0.8501885498800144,3.1720451294611993
1.8943876617670532,0.8872458410351198,4.08115387309779
1.747003644897777,0.6115830115830113,6.526935590308446
1.9284427752833788,0.6725813265737217,3.405141080476078
1.6533147997104636,0.6984660642992224,7.083042896573146
1.9279163904124574,0.6436781609195406,4.449663376294952
1.7328627980587255,0.931011681728014,9.808339550932217
1.9721841810706748,0.7480073574494174,3.071956050839306
1.6509492745756817,0.7056585829767003,9.14663164600287
1.5921370406700155,0.7726126126126119,8.485549530495542
1.6911925167539528,0.7862613135298216,8.36392594178559
1.724187288621364,0.8262783609888249,6.619359043932666
1.809235765060267,0.9625668449197867,4.608366665704862
1.6900733876441343,0.806956521739132,1.580062171123053
1.830435381633741,0.9024111964706777,10.416981045256025
1.8381968166004885,0.9129395093437249,8.966746262324103
1.9967464697558148,0.736283185840708,0.9177241844692695
1.8464545540138275,0.9043910147872216,8.056000524466839
1.8267261767152383,0.8781279988189266,10.61523609143784
1.8418772711518765,0.8460447972781405,5.253112141917247
1.7176278111582763,0.6363919775537774,14.741689762726907
1.8241984987480162,0.8431991092967155,6.619917705574683
1.8489670047229345,0.9147250333411783,10.237362084738589
1.5968310778899037,0.3897659227000545,5.01024572602931
1.839301931995016,0.6884539104940932,11.15052026786944
1.8245780677061643,0.8940269749518305,11.206201072715357
1.8566755402973256,0.9001874032428906,10.200096762791906
1.7754767608635762,0.7123126652953277,7.567639571345921
1.894148863434363,0.696852968965768,10.730193848584815
1.8717332686924277,0.7494871210394345,6.992226355982353
1.884981343970817,0.7730749617542072,5.819401153329013
1.8802371464066894,0.7288005207408721,10.22424609801455
1.8494665964966313,0.7286945188617768,7.423056285284915
1.8613173945704296,0.478195897296563,6.120546097171663
1.812087525566369,0.44924406047516174,2.882795023653294
1.9011685009423904,0.698398099179888,5.8850356693706285
1.8638110113717525,0.8150363092695428,5.904690867237757
1.762028041601076,0.5111726685133887,6.946339938820793
1.8377000647604897,0.757797781034122,9.400022962259525
1.915238960350096,0.7159032800058441,8.089799070845496
1.8681548955441856,0.8171943609891381,10.215479484144206
1.8506324197852244,0.970740103270224,2.3861718503915528
1.8787010306648735,0.6619201725997842,8.090607848451862
1.8242833603460633,0.8143176733780763,7.841597848991312
1.7370674804838009,0.7326376394386469,5.885159510756916
1.8251122727123819,0.6069344318571919,8.520970068392401
1.7872742043158074,0.715226162667233,9.244720275815734
1.7809851209510372,0.7238689547581907,4.534838912308732
1.8011472416967982,0.9539207760711403,3.896706003805104
1.7791162614175824,0.8451029440061576,9.298581377546082
1.7653312456831265,0.8093576852041864,9.385386003176636
1.8214071207144211,0.8619501317656597,7.397966450634669
1.8334746790465364,0.9271290605794557,3.6408465045537497
1.8339089696253863,0.9257218426272867,7.027119542510784
1.7927107565576943,0.8880666049953745,3.2332929007855835
1.8196985883581178,0.9430255402750491,7.607635549000163
1.8454704807060864,0.93909973521624,6.7341161300286
1.8224150811184932,0.9004574854077929,8.559363750218347
1.8363553003965163,0.9314629258517031,3.9523248276937846
1.805224960306769,0.883822884699693,4.596052808055308
1.7759846052947454,0.7297921478060047,14.9179143600638
1.7750649702628576,0.5947132980886539,7.7784557450530105
1.7814711864877384,0.6603546221380616,17.294015270874574
1.7559524444524044,0.8984091982989446,9.214165774035465
1.6931454556375185,0.5287693561532192,5.277730861904893
1.765401666831971,0.7805885389778007,14.594281775571986
1.8131953553418318,0.46051312297257446,15.949746861302987
1.760577343524361,1.0242214532871972,2.6841583455749056
1.7883217191973348,0.9335200948173692,9.5110588087745
1.8351586805904583,0.9208921256258533,9.756696123670084
1.7839104039696034,0.8036951501154733,4.932914335506811
1.8558918926483934,0.9234092340923409,8.60838082084716
1.8656920543919533,0.93660024787873,8.082644982765316
1.8775022990798076,0.9170415691920102,6.075673218375789
1.8902850824009623,0.9520758243225204,6.2936923246490135
1.8519250552910702,0.9221041538596648,8.734676895827057
1.8779125739077818,0.9651462512607867,7.2354351517685815
1.8314501959763787,0.8555033907146585,4.644579984892958
1.7711798894342696,0.809593604263824,9.629461382660622
1.8191876907451918,0.9028646076327332,9.533382035187746
1.812512454008859,0.864570078167606,7.37081118573465
1.8491731735674835,0.8314941843125558,4.768925243817188
1.8886778008037084,0.8965929468021514,3.069220140225223
1.7510598445787424,0.7913148371531968,7.6627050508387
1.7877920391435853,0.8484175458078841,4.307585259684034
1.8669584734455382,0.78324932144242,4.33583882948849
1.8444844756541185,0.8557166627050157,5.95295886405026
1.8515004268650046,0.8677574590952838,6.426633254146143
1.7952787752786328,0.883578609937345,8.774196520820194
1.7953698217417062,0.8838782412626834,3.8664960292987103
1.8366573539201692,0.9251700680272107,6.286539816910434
1.807087207944654,0.8413284132841333,1.4773113548653358
1.8240195776325152,0.911502672738072,6.216070878231761
1.7933000488054192,0.773597359735973,3.9743878671139234
1.8702039792003224,0.8284219223354451,5.377703693761967
1.8114556020414558,0.925608501885499,5.78777882342375
1.8030520603212197,0.8937185263715879,5.0194380596163946
1.8527402735320206,0.9666956728106954,9.952048031597318
1.8206519374402408,0.9104530859793081,4.809022880396829
1.8613793682835218,0.8962794592654622,7.914198385342412
1.8117757675858073,0.6766491299069202,2.2202741039721627
1.815022569222037,0.8741364785172703,6.979366266305458
1.8579341279676809,0.9508228649332946,8.5941766943333
1.8675568327587198,0.9531869875694264,8.617977178534188
1.8486004662869495,0.9765865195112338,10.188417778965093
1.9223911355096561,0.8484848484848487,3.887360305806115
1.7855894320172343,0.997289972899729,1.762712092613359
2.0039689284792055,0.7752142386288725,1.8134635664722722
1.857347260389891,0.8835055219095119,5.057608123049075
1.8562317210276895,0.8510284645751087,5.852036667472642
1.8821576368857762,0.9407302038880985,3.4867771483698395
1.8992683818100322,0.9890909090909092,2.0249608140842743
1.8328721933361283,0.8227121715493805,5.488567208470914
1.8485503556070293,0.785653287788215,5.716766564083804
1.8476328111995024,0.9286198839225146,10.175096728275237
1.9154901153804962,0.8306010928961746,1.3844521414686635
2.0372378636586905,0.7798579728857322,1.1978836458705873
1.6969872373448114,0.3655825442568957,5.569827408682177
1.8455141857683304,0.9460710792305186,11.738524593749057
1.8426766073933212,0.8740286843390612,14.179639297830436
1.8816495618777695,0.6310270147042061,7.684900097459075
1.8723554392702038,0.8473794088561697,7.310922263042368
1.8571224940900364,0.845490561640643,12.468643158447103
1.8469159725348405,0.8822459314617238,13.081867560040656
1.8402242117297174,0.926328877836494,12.825274098921822
1.9158725349392232,0.8484558295427342,4.815024581618394
1.8368781818922153,0.8833746898263023,5.370178340388755
1.8225814112570613,0.8637059724349158,11.19372030903786
1.890250620377575,0.8729016786570749,4.479668267343951
1.8674638195321323,0.8582666485826664,6.934645488829842
1.8257966793311489,0.9141555977229601,11.371928983470152
1.9621472916049736,0.9748892171344166,1.909516573225026
1.853772848985617,0.955639854455369,10.084790011341116
1.8596048319273326,0.9319153165689293,7.353782589984734
1.8771115999728556,0.9286735091594127,6.129259153956964
1.8196650798103489,0.6859958932238192,12.268843344866982
1.892095642728922,0.8858579322017023,10.14646824368076
1.892248752851771,0.8470287036581161,10.280283726492756
1.875907380122559,0.9124126182224052,8.945596713365509
1.9072075616286277,0.8924652523774689,8.986439672919568
1.5419955700287455,0.7143746110765401,4.277227619006211
1.8796241866464494,0.867564615944667,8.555339789168867
1.8678149373844737,0.8377740303541314,11.440084832766441
1.8983578615853873,0.9277813169629932,8.933574478281153
1.8935693220293603,0.910440265610178,8.760758229809387
1.8646369191188081,0.9298062903561757,12.96137517332331
1.8701882613456176,0.8821271676300578,12.216000162271701
1.8114626402963983,0.9268949868822236,11.073422534136952
1.8282457210563727,0.8849388985875255,11.865251420510557
1.7568746682219842,0.7934885481733862,6.594419969695113
1.847504428116439,0.8752723553737382,12.875476997376094
1.7899816099677672,0.8168923962887914,8.741244099474505
1.8550369243733589,0.8051788604274792,12.05619023442875
1.859223283681973,0.9313653771676921,12.498374812263105
1.7173434898723723,0.5799968096985163,6.7315554196504745
1.8123794719594157,0.8975496816515531,7.604103481172335
1.8403592401746074,0.9349535382416011,3.838404196718905
1.8242705687832623,0.969448431412754,7.503448935053437
1.8329784282724857,0.9378144495874423,6.774031142799244
1.8709490933004553,0.9428076256499134,4.031010647269828
1.8077723441207303,0.9077657702940443,7.220387972075917
1.8248869426010248,0.9053952321204511,5.3909471455136275
1.9585909948589357,0.6513578479005779,7.888346369218083
1.8247279256504245,0.9058563323396479,8.422076019451058
1.7075848325820775,0.3983508932661475,13.301321030685935
1.900638082234612,0.7214557765552264,8.64682814213902
1.9042208173563626,0.5938708717643555,8.077936481654193
1.9393755558163406,0.6494681788799437,8.182100967994874
1.8772768579147128,0.5412086409625374,9.319271763587512
1.8644247059516275,0.7649603940624375,8.754163403647206
1.900260592800239,0.6378883061495016,8.989859711961964
1.8121489794126804,0.594679186228482,8.534963284112928
1.8640551245814174,0.7010795609180802,7.350026072477567
1.8394419495874148,0.9440403740537332,6.858557908074448
1.8649673082185363,0.8809299403078856,4.807382219286302
1.8691465241727943,0.9105152819154804,13.854793935475183
1.721314224497285,0.8919041157847128,7.243431370572972
1.829390479839644,0.5055762081784388,5.9030414205384405
1.8500694772018809,0.8854687700397592,13.882555676761653
1.79367682639048,0.895692105838618,8.584940240169038
1.874615108297625,0.8162796764936081,11.100157097188584
1.9053669617283522,0.759914390028956,7.0023447508779775
1.879274305506982,0.9011347679228815,13.425640505924628
1.8508558163048263,0.934250868706139,10.462125697581737
1.9443789637772118,0.6968512985520572,6.893039750062721
1.8903281801214193,0.7945284877992234,10.82488709795507
1.9264061147557703,0.7582581093145523,6.028989250431737
1.763210459442504,0.6213118751524018,6.358888055904512
1.885062769771982,0.7899778924097275,5.013007542414682
1.9233874387615133,0.8657433056325021,4.5051146926090055
1.8527146384395268,0.6432184175338642,11.424902019764883
1.8138805667611468,0.6187597940452205,10.724992736240802
1.8928473265692312,0.8023312287518215,2.9851727229876923
1.9281352829558929,0.7750102561097112,8.30708747770307
1.7499252085330461,0.6428878384185649,4.874308252646206
1.7782225635652986,0.473450766696236,8.161652808818507
1.8559846410783483,0.7934331894727934,10.977392397856635
1.8951783890536704,0.7459147709067606,7.7136626990187125
1.8656518831604312,0.6586719169500628,2.249607880198937
1.8122664898025018,0.9198398659342704,10.399228787733586
1.8702222751677295,0.7460950860791246,7.4593833268952485
1.9127453191731967,0.6815162172723721,3.2878685093907802
1.9360757055059927,0.6363905033986799,6.176898229304715
1.876067163550843,0.855774585143112,9.098531572959585
1.8886166094435966,0.5235416049748299,7.711288962300026
1.8036227376304987,0.9242009132420094,3.805843077201811
1.8866544553462048,0.8041648421155062,9.459004268092121
1.8974985897465326,0.8728643421969109,9.877897076115886
1.881805828606382,0.7963994202456329,7.071383033161122
1.904811570736421,0.9036539722961763,10.7548800022223
1.9100940537933921,0.889409742568069,10.544667878711323
1.847982334482961,0.9422919731894721,6.862871351058984
1.921237900600995,0.7922819785892606,9.501728516474774
1.8090407060183131,0.6790618544173045,5.987789091787062
1.8765311449802673,0.7978042086001833,1.8493783141948907
1.86615975006198,0.850991259859305,13.100807444887664
1.850271277220678,0.9196597770040988,12.717215251746648
1.8662293803702086,0.8821388029905665,13.32400935250266
1.9055133511292972,0.5594885389053487,3.3278548815144564
1.8655615460395047,0.9118994526657203,13.373684935375918
1.8211505245995732,0.8659268305633723,12.291219794133065
1.8207060368034647,0.8875304098309528,11.093576020843075
1.895225068451113,0.8076382207090518,7.2262629750943494
1.8483954271808458,0.9259150065282399,13.639291561868275
1.8250320432632912,0.8941064864223882,8.618278223116599
1.8922966169272075,0.9046293953959024,4.614100913605528
1.8576492547390933,0.9000791765637373,7.080609277322519
1.7731056554677984,0.9554655870445352,1.7592528304162756
1.8154782135308893,0.9075209610812164,9.305276451990851
1.7702435385232926,0.8145207033465679,4.315104614022009
1.8418604459356687,0.7892117514849897,7.621628888749165
1.8063083074138915,0.8457486832204664,7.749082233764739
1.875081796478042,0.7684441197954711,3.9065821911825083
1.8192226798318203,0.8774695023210622,10.059704449975422
1.8247955236909508,0.8784549554758876,9.052379950680725
1.850392666022382,0.9167945237814233,8.330314770800369
1.841834386489721,0.9183077118536399,7.902125897215234
1.8281861345624737,0.9301672052831249,8.278553708673442
1.8825763422339532,0.7386534241829309,7.37506785644677
1.9078017177883941,0.7215623754483856,8.50806926766534
1.6786598513169808,0.6446534003936147,4.867365547332678
1.8776159762498366,0.8444277673545968,8.431796145626262
1.8507590794557098,0.8365278132719993,9.407962214476372
1.550222173075542,0.5325779036827193,4.447159251525252
1.8615328034049796,0.8262103890125069,9.833700206137253
1.8719030738976619,0.8976531453850192,9.766138878170244
1.8081352634542611,0.8888888888888887,5.296780285409577
1.8175482403761765,0.9393875395987329,7.294671005106789
